[{"id":"user-image-gallery7.jpg","publicUrl":"np://user.desktop.nicepage.com/Site_1837723278/images/gallery7.jpg","size":3201377,"hash":"4m11nbSu64oeATI8YLOkCdK35iY=","fileName":"gallery7.jpg","name":"gallery7","width":6240,"height":4160,"thumbnail":{"url":"np://user.desktop.nicepage.com/Site_1837723278/images/thumbnails/gallery7.jpg","width":250,"height":167},"folderId":null,"usages":["270512338"]},{"id":"user-image-gallery6.jpg","publicUrl":"np://user.desktop.nicepage.com/Site_1837723278/images/gallery6.jpg","size":1549994,"hash":"TyKFbTjvwRG83ij7HStX8qhpUZ4=","fileName":"gallery6.jpg","name":"gallery6","width":6000,"height":4000,"thumbnail":{"url":"np://user.desktop.nicepage.com/Site_1837723278/images/thumbnails/gallery6.jpg","width":250,"height":167},"folderId":null,"usages":["270512338"]},{"id":"user-image-gallery5.jpg","publicUrl":"np://user.desktop.nicepage.com/Site_1837723278/images/gallery5.jpg","size":3265808,"hash":"+XXkQ/ceWgc/XoxNOrkeZs+8Iu0=","fileName":"gallery5.jpg","name":"gallery5","width":4000,"height":6000,"thumbnail":{"url":"np://user.desktop.nicepage.com/Site_1837723278/images/thumbnails/gallery5.jpg","width":167,"height":250},"folderId":null,"usages":["270512338"]},{"id":"user-image-gallery4.jpg","publicUrl":"np://user.desktop.nicepage.com/Site_1837723278/images/gallery4.jpg","size":2504518,"hash":"Fo10qhCa7H/r7leAGGtyQJYxfLs=","fileName":"gallery4.jpg","name":"gallery4","width":4672,"height":7008,"thumbnail":{"url":"np://user.desktop.nicepage.com/Site_1837723278/images/thumbnails/gallery4.jpg","width":167,"height":250},"folderId":null,"usages":["270512338"]},{"id":"user-image-gallery3.jpg","publicUrl":"np://user.desktop.nicepage.com/Site_1837723278/images/gallery3.jpg","size":3170386,"hash":"XbdzONSpADO0pfvMEdaKj3qqrJU=","fileName":"gallery3.jpg","name":"gallery3","width":4000,"height":6000,"thumbnail":{"url":"np://user.desktop.nicepage.com/Site_1837723278/images/thumbnails/gallery3.jpg","width":167,"height":250},"folderId":null,"usages":["270512338"]},{"id":"user-image-gallery1.jpg","publicUrl":"np://user.desktop.nicepage.com/Site_1837723278/images/gallery1.jpg","size":2407559,"hash":"bzHO7IZwb9YvPpm/qJwjohdTuBU=","fileName":"gallery1.jpg","name":"gallery1","width":3800,"height":5692,"thumbnail":{"url":"np://user.desktop.nicepage.com/Site_1837723278/images/thumbnails/gallery1.jpg","width":167,"height":250},"folderId":null,"usages":["270512338"]},{"id":"user-image-photo-1612805143869-59b13feb8f95.jpeg","publicUrl":"np://user.desktop.nicepage.com/Site_1837723278/images/photo-1612805143869-59b13feb8f95.jpeg","size":64579,"hash":"p3WJpUnVaxuXW0JMElvV8CX3m3E=","fileName":"photo-1612805143869-59b13feb8f95.jpeg","name":"photo-1612805143869-59b13feb8f95","width":1080,"height":1620,"thumbnail":{"url":"np://user.desktop.nicepage.com/Site_1837723278/images/thumbnails/photo-1612805143869-59b13feb8f95.jpeg","width":167,"height":250},"folderId":null,"usages":["270512338"]},{"id":"user-image-photo-1721447413616-3d6f9393f3be.jpeg","publicUrl":"np://user.desktop.nicepage.com/Site_1837723278/images/photo-1721447413616-3d6f9393f3be.jpeg","size":108840,"hash":"UYhL6Hf7SnqSr7LoaKcEk0OdIOU=","fileName":"photo-1721447413616-3d6f9393f3be.jpeg","name":"photo-1721447413616-3d6f9393f3be","width":1080,"height":1620,"thumbnail":{"url":"np://user.desktop.nicepage.com/Site_1837723278/images/thumbnails/photo-1721447413616-3d6f9393f3be.jpeg","width":167,"height":250},"folderId":null,"usages":["270512338"]},{"id":"user-image-photo-1632239524459-5c3137fcdae9.jpeg","publicUrl":"np://user.desktop.nicepage.com/Site_1837723278/images/photo-1632239524459-5c3137fcdae9.jpeg","size":132921,"hash":"3/DVMV18UKQI1C+z09RpBmTdWaY=","fileName":"photo-1632239524459-5c3137fcdae9.jpeg","name":"photo-1632239524459-5c3137fcdae9","width":1080,"height":1349,"thumbnail":{"url":"np://user.desktop.nicepage.com/Site_1837723278/images/thumbnails/photo-1632239524459-5c3137fcdae9.jpeg","width":200,"height":250},"folderId":null,"usages":["270512338"]},{"id":"user-image-photo-1542282088-72c9c27ed0cd.jpeg","publicUrl":"np://user.desktop.nicepage.com/Site_1837723278/images/photo-1542282088-72c9c27ed0cd.jpeg","size":66577,"hash":"/1EJcBdcYAU3seLDVNjB3/2gANc=","fileName":"photo-1542282088-72c9c27ed0cd.jpeg","name":"photo-1542282088-72c9c27ed0cd","width":1080,"height":608,"thumbnail":{"url":"np://user.desktop.nicepage.com/Site_1837723278/images/thumbnails/photo-1542282088-72c9c27ed0cd.jpeg","width":250,"height":141},"folderId":null,"usages":["270512338"]},{"id":"user-image-48f4280cab9bac8bccac4b2234846cdb26f31f97e9016d8812f80f2a5e6b40d0103e080b2e377894ac3ea7c40de4dfc18fc1bde4d43693a7594853_1280.jpg","publicUrl":"np://user.desktop.nicepage.com/Site_1837723278/images/48f4280cab9bac8bccac4b2234846cdb26f31f97e9016d8812f80f2a5e6b40d0103e080b2e377894ac3ea7c40de4dfc18fc1bde4d43693a7594853_1280.jpg","size":203438,"hash":"NKtMCyQbmApKg1OempLT2eCqD3Y=","fileName":"48f4280cab9bac8bccac4b2234846cdb26f31f97e9016d8812f80f2a5e6b40d0103e080b2e377894ac3ea7c40de4dfc18fc1bde4d43693a7594853_1280.jpg","name":"48f4280cab9bac8bccac4b2234846cdb26f31f97e9016d8812f80f2a5e6b40d0103e080b2e377894ac3ea7c40de4dfc18fc1bde4d43693a7594853_1280","width":1280,"height":876,"thumbnail":{"url":"np://user.desktop.nicepage.com/Site_1837723278/images/thumbnails/48f4280cab9bac8bccac4b2234846cdb26f31f97e9016d8812f80f2a5e6b40d0103e080b2e377894ac3ea7c40de4dfc18fc1bde4d43693a7594853_1280.jpg","width":250,"height":171},"folderId":null,"usages":["270512338"]},{"id":"user-image-photo-1730037841012-f47b93396181.jpeg","publicUrl":"np://user.desktop.nicepage.com/Site_1837723278/images/photo-1730037841012-f47b93396181.jpeg","size":149626,"hash":"O4jMkdWg1y17pZ84Pk/KD7e5oEA=","fileName":"photo-1730037841012-f47b93396181.jpeg","name":"photo-1730037841012-f47b93396181","width":1080,"height":1552,"thumbnail":{"url":"np://user.desktop.nicepage.com/Site_1837723278/images/thumbnails/photo-1730037841012-f47b93396181.jpeg","width":174,"height":250},"folderId":null,"usages":["270512338"]},{"id":"user-image-b0efb1f4f0e69c6471e443106b735d7d17d55c6af68ce3c3560d8c4dfa271d4d431d2631a24e27fa4d16fa6a8a8f82228b492d2031a62119e4a0d3_1280.jpg","publicUrl":"np://user.desktop.nicepage.com/Site_1837723278/images/b0efb1f4f0e69c6471e443106b735d7d17d55c6af68ce3c3560d8c4dfa271d4d431d2631a24e27fa4d16fa6a8a8f82228b492d2031a62119e4a0d3_1280.jpg","size":136256,"hash":"qTlz1o4Znh1EjPpSZu4sMOMuESs=","fileName":"b0efb1f4f0e69c6471e443106b735d7d17d55c6af68ce3c3560d8c4dfa271d4d431d2631a24e27fa4d16fa6a8a8f82228b492d2031a62119e4a0d3_1280.jpg","name":"b0efb1f4f0e69c6471e443106b735d7d17d55c6af68ce3c3560d8c4dfa271d4d431d2631a24e27fa4d16fa6a8a8f82228b492d2031a62119e4a0d3_1280","width":1280,"height":853,"thumbnail":{"url":"np://user.desktop.nicepage.com/Site_1837723278/images/thumbnails/b0efb1f4f0e69c6471e443106b735d7d17d55c6af68ce3c3560d8c4dfa271d4d431d2631a24e27fa4d16fa6a8a8f82228b492d2031a62119e4a0d3_1280.jpg","width":250,"height":167},"folderId":null,"usages":["270512338"]},{"id":"user-image-17e91714b1c3dd1a28bd07d930718045bd63b50e1a5c7ddcb0077309edaf28e619a0e990e309325bdbf504c013a4d81b8c116ddbb54c7796f8ef1a_1280.jpg","publicUrl":"np://user.desktop.nicepage.com/Site_1837723278/images/17e91714b1c3dd1a28bd07d930718045bd63b50e1a5c7ddcb0077309edaf28e619a0e990e309325bdbf504c013a4d81b8c116ddbb54c7796f8ef1a_1280.jpg","size":252101,"hash":"aox/eGHbEjJIt4q9GsfKJ9Jf4/8=","fileName":"17e91714b1c3dd1a28bd07d930718045bd63b50e1a5c7ddcb0077309edaf28e619a0e990e309325bdbf504c013a4d81b8c116ddbb54c7796f8ef1a_1280.jpg","name":"17e91714b1c3dd1a28bd07d930718045bd63b50e1a5c7ddcb0077309edaf28e619a0e990e309325bdbf504c013a4d81b8c116ddbb54c7796f8ef1a_1280","width":1280,"height":1042,"thumbnail":{"url":"np://user.desktop.nicepage.com/Site_1837723278/images/thumbnails/17e91714b1c3dd1a28bd07d930718045bd63b50e1a5c7ddcb0077309edaf28e619a0e990e309325bdbf504c013a4d81b8c116ddbb54c7796f8ef1a_1280.jpg","width":250,"height":204},"folderId":null,"usages":["270512338"]},{"id":"user-image-677009845d3cc00f6e65d5cc5389c6b41500638077258efe416d7aee9e44bc959be42cf3acd71ee14efe76ef033d98871ed45f9e778027038e8f60_1280.jpg","publicUrl":"np://user.desktop.nicepage.com/Site_1837723278/images/677009845d3cc00f6e65d5cc5389c6b41500638077258efe416d7aee9e44bc959be42cf3acd71ee14efe76ef033d98871ed45f9e778027038e8f60_1280.jpg","size":156966,"hash":"uz7RJaW6QTMCoY+EYkR0A3I/Pcg=","fileName":"677009845d3cc00f6e65d5cc5389c6b41500638077258efe416d7aee9e44bc959be42cf3acd71ee14efe76ef033d98871ed45f9e778027038e8f60_1280.jpg","name":"677009845d3cc00f6e65d5cc5389c6b41500638077258efe416d7aee9e44bc959be42cf3acd71ee14efe76ef033d98871ed45f9e778027038e8f60_1280","width":1280,"height":853,"thumbnail":{"url":"np://user.desktop.nicepage.com/Site_1837723278/images/thumbnails/677009845d3cc00f6e65d5cc5389c6b41500638077258efe416d7aee9e44bc959be42cf3acd71ee14efe76ef033d98871ed45f9e778027038e8f60_1280.jpg","width":250,"height":167},"folderId":null,"usages":["270512338"]}]