[{"id":70653595,"title":"Blog Template","order":1,"templateKey":"blog","customTemplate":false,"customTemplateFilename":null,"pageLinks":[],"dateCreated":"2025-10-28T17:38:01.156Z","dateUpdated":"2025-10-28T17:38:02.603Z","folderId":null,"pageName":"Blog Template","serverPageId":null,"sectionCount":1,"status":2,"backwardUrl":null},{"id":185084047,"title":"Post Template","order":2,"templateKey":"post","customTemplate":false,"customTemplateFilename":null,"pageLinks":[],"dateCreated":"2025-10-28T17:38:01.307Z","dateUpdated":"2025-10-28T17:38:02.603Z","folderId":null,"pageName":"Post Template","serverPageId":null,"sectionCount":1,"status":2,"backwardUrl":null},{"id":50497120,"title":"Product List Template","order":3,"templateKey":"products","customTemplate":false,"customTemplateFilename":null,"pageLinks":[],"dateCreated":"2025-10-28T17:38:01.446Z","dateUpdated":"2025-10-28T17:38:02.604Z","folderId":null,"pageName":"Product List Template","serverPageId":null,"sectionCount":1,"status":2,"backwardUrl":null},{"id":1345897,"title":"Product Details Template","order":4,"templateKey":"product","customTemplate":false,"customTemplateFilename":null,"pageLinks":[],"dateCreated":"2025-10-28T17:38:01.589Z","dateUpdated":"2025-10-28T17:38:02.604Z","folderId":null,"pageName":"Product Details Template","serverPageId":null,"sectionCount":1,"status":2,"backwardUrl":null},{"id":25936010,"title":"Shopping Cart Template","order":5,"templateKey":"cart","customTemplate":false,"customTemplateFilename":null,"pageLinks":[],"dateCreated":"2025-10-28T17:38:01.706Z","dateUpdated":"2025-10-28T17:38:02.604Z","folderId":null,"pageName":"Shopping Cart Template","serverPageId":null,"sectionCount":1,"status":2,"backwardUrl":null},{"id":219184351,"title":"Checkout Template","order":6,"templateKey":"checkout","customTemplate":false,"customTemplateFilename":null,"pageLinks":[],"dateCreated":"2025-10-28T17:38:01.861Z","dateUpdated":"2025-10-28T17:38:02.604Z","folderId":null,"pageName":"Checkout Template","serverPageId":null,"sectionCount":1,"status":2,"backwardUrl":null},{"id":31693897,"title":"Login Template","order":7,"templateKey":"login","customTemplate":false,"customTemplateFilename":null,"pageLinks":[],"dateCreated":"2025-10-28T17:38:01.952Z","dateUpdated":"2025-10-28T17:38:02.604Z","folderId":null,"pageName":"Login Template","serverPageId":null,"sectionCount":1,"status":2,"backwardUrl":null},{"id":8814310,"title":"Search Page Template","order":8,"templateKey":"Search","customTemplate":false,"customTemplateFilename":null,"pageLinks":[],"dateCreated":"2025-10-28T17:38:02.020Z","dateUpdated":"2025-10-28T17:38:02.604Z","folderId":null,"pageName":"Search Page Template","serverPageId":null,"sectionCount":1,"status":2,"backwardUrl":null},{"id":20778600,"title":"Page Password Template","order":9,"templateKey":"password","customTemplate":false,"customTemplateFilename":null,"pageLinks":[],"dateCreated":"2025-10-28T17:38:02.102Z","dateUpdated":"2025-10-28T17:38:02.604Z","folderId":null,"pageName":"Page Password Template","serverPageId":null,"sectionCount":1,"status":2,"backwardUrl":null},{"id":58992084,"title":"404 Not Found Template","order":10,"templateKey":"404","customTemplate":false,"customTemplateFilename":null,"pageLinks":[],"dateCreated":"2025-10-28T17:38:02.162Z","dateUpdated":"2025-10-28T17:38:02.604Z","folderId":null,"pageName":"404 Not Found Template","serverPageId":null,"sectionCount":1,"status":2,"backwardUrl":null},{"id":2553004230,"title":"Thank You Page Template","order":11,"templateKey":"ThankYou","customTemplate":false,"customTemplateFilename":null,"pageLinks":[],"dateCreated":"2025-10-28T17:38:02.218Z","dateUpdated":"2025-10-28T17:38:02.605Z","folderId":null,"pageName":"Thank You Page Template","serverPageId":null,"sectionCount":1,"status":2,"backwardUrl":null},{"id":793616372,"title":"Strona główna","order":50,"templateKey":null,"customTemplate":false,"customTemplateFilename":null,"pageLinks":[],"dateCreated":"2025-10-28T17:38:03.032Z","dateUpdated":"2025-10-28T17:38:24.099Z","folderId":null,"pageName":"Strona główna_793616372","serverPageId":null,"sectionCount":1,"status":2,"backwardUrl":null},{"id":60243959,"title":"O nas","order":100,"templateKey":null,"customTemplate":false,"customTemplateFilename":null,"pageLinks":[],"dateCreated":"2025-10-28T17:38:02.257Z","dateUpdated":"2025-10-28T17:38:02.605Z","folderId":null,"pageName":"O nas_60243959","serverPageId":null,"sectionCount":1,"status":2,"backwardUrl":null},{"id":5506557,"title":"Kontakt","order":101,"templateKey":null,"customTemplate":false,"customTemplateFilename":null,"pageLinks":[],"dateCreated":"2025-10-28T17:38:02.290Z","dateUpdated":"2025-10-28T17:38:02.605Z","folderId":null,"pageName":"Kontakt_5506557","serverPageId":null,"sectionCount":1,"status":2,"backwardUrl":null},{"id":270512338,"title":"Strona 1","order":102,"templateKey":null,"customTemplate":false,"customTemplateFilename":null,"pageLinks":["9978601"],"dateCreated":"2025-10-28T17:38:32.621Z","dateUpdated":"2025-10-29T20:22:40.645Z","folderId":null,"pageName":"Strona 1_270512338","serverPageId":null,"sectionCount":8,"status":2,"backwardUrl":null},{"id":9978601,"title":"Strona 2","order":103,"templateKey":null,"customTemplate":false,"customTemplateFilename":null,"pageLinks":["9978601"],"dateCreated":"2025-10-29T19:43:34.613Z","dateUpdated":"2025-10-29T19:53:23.311Z","folderId":null,"pageName":"Strona 2_9978601","serverPageId":null,"sectionCount":2,"status":2,"backwardUrl":null}]